{
    "rouge1": {
        "precision": 0.11070935521687073,
        "recall": 0.478917949218801,
        "fmeasure": 0.17170309591175728
    },
    "rouge2": {
        "precision": 0.026321636816931022,
        "recall": 0.12862153861798686,
        "fmeasure": 0.041540639309818335
    },
    "rougeL": {
        "precision": 0.08210785007146347,
        "recall": 0.36929800935703616,
        "fmeasure": 0.128312058432766
    }
}