{
    "rouge1": {
        "precision": 0.11754899404619959,
        "recall": 0.4501212753749552,
        "fmeasure": 0.1752427545495538
    },
    "rouge2": {
        "precision": 0.025981492630714968,
        "recall": 0.11253580584664276,
        "fmeasure": 0.039129674307740586
    },
    "rougeL": {
        "precision": 0.08551495441951336,
        "recall": 0.34389393694662085,
        "fmeasure": 0.1291663931742755
    }
}