{
    "rouge1": {
        "precision": 0.11671842679024248,
        "recall": 0.46037905457172784,
        "fmeasure": 0.1776616643979602
    },
    "rouge2": {
        "precision": 0.02592012976825099,
        "recall": 0.11261788303777805,
        "fmeasure": 0.03982223367125272
    },
    "rougeL": {
        "precision": 0.08551212104965818,
        "recall": 0.3488716601994509,
        "fmeasure": 0.13107617296462296
    }
}