{
    "rouge1": {
        "precision": 0.12204108029149738,
        "recall": 0.4263872722347321,
        "fmeasure": 0.1788910709307545
    },
    "rouge2": {
        "precision": 0.026311029686608062,
        "recall": 0.09373200037847867,
        "fmeasure": 0.038617263242139904
    },
    "rougeL": {
        "precision": 0.08723152234881192,
        "recall": 0.314579246039203,
        "fmeasure": 0.129225892450152
    }
}