{
  "precision": 0.8676390647888184,
  "recall": 0.8986783623695374,
  "f1": 0.8826775550842285
}
