{
    "rouge1": {
        "precision": 0.13802351083880232,
        "recall": 0.39659405022567473,
        "fmeasure": 0.1922187240811797
    },
    "rouge2": {
        "precision": 0.027175406143155435,
        "recall": 0.09461336859097376,
        "fmeasure": 0.039839335316239156
    },
    "rougeL": {
        "precision": 0.10583185716602934,
        "recall": 0.3220908234198705,
        "fmeasure": 0.15023477632544663
    }
}