{
    "rouge1": {
        "precision": 0.17466685294294457,
        "recall": 0.3360116294881399,
        "fmeasure": 0.214224255336417
    },
    "rouge2": {
        "precision": 0.03265805510341561,
        "recall": 0.0731733852854132,
        "fmeasure": 0.041479475742247106
    },
    "rougeL": {
        "precision": 0.1369804972226617,
        "recall": 0.27150733442692093,
        "fmeasure": 0.16948545153983968
    }
}