{
    "rouge1": {
        "precision": 0.17616223039185938,
        "recall": 0.3536631322739042,
        "fmeasure": 0.2179684349699809
    },
    "rouge2": {
        "precision": 0.04100590201484865,
        "recall": 0.08854338725017578,
        "fmeasure": 0.051252195070555624
    },
    "rougeL": {
        "precision": 0.1378246783666501,
        "recall": 0.2814892239895925,
        "fmeasure": 0.17120028061497752
    }
}