{
    "rouge1": {
        "precision": 0.19272061304805904,
        "recall": 0.3015733143272613,
        "fmeasure": 0.21711006975021716
    },
    "rouge2": {
        "precision": 0.04301021089206102,
        "recall": 0.07045360027508421,
        "fmeasure": 0.048226510308744176
    },
    "rougeL": {
        "precision": 0.15424791166935195,
        "recall": 0.24705874520786228,
        "fmeasure": 0.17605618955542965
    }
}