{
  "precision": 0.850470244884491,
  "recall": 0.8947474956512451,
  "f1": 0.8718531131744385
}
