{
    "rouge1": {
        "precision": 0.19713049460109033,
        "recall": 0.32827959099701326,
        "fmeasure": 0.2258895693553315
    },
    "rouge2": {
        "precision": 0.04848806617839251,
        "recall": 0.08884862111266068,
        "fmeasure": 0.05565435341226801
    },
    "rougeL": {
        "precision": 0.15834939051111033,
        "recall": 0.2670618464851962,
        "fmeasure": 0.1820464074361786
    }
}