{
    "rouge1": {
        "precision": 0.26415638900616345,
        "recall": 0.36738928955194067,
        "fmeasure": 0.28668735852972876
    },
    "rouge2": {
        "precision": 0.0686522352337208,
        "recall": 0.10153509609309264,
        "fmeasure": 0.07536559156870903
    },
    "rougeL": {
        "precision": 0.2053794362002693,
        "recall": 0.2923789467074073,
        "fmeasure": 0.22451634759694078
    }
}