{
  "precision": 0.8712858557701111,
  "recall": 0.9012093544006348,
  "f1": 0.8858476281166077
}
