{
    "rouge1": {
        "precision": 0.2619637998024969,
        "recall": 0.3456918706990121,
        "fmeasure": 0.27514029052128336
    },
    "rouge2": {
        "precision": 0.06003973228819669,
        "recall": 0.09058871691136491,
        "fmeasure": 0.06530691751091111
    },
    "rougeL": {
        "precision": 0.19849758069462867,
        "recall": 0.26331737400796706,
        "fmeasure": 0.20938550485443472
    }
}