{
    "rouge1": {
        "precision": 0.2652337684179351,
        "recall": 0.3720619763814649,
        "fmeasure": 0.2861461735778535
    },
    "rouge2": {
        "precision": 0.06445335504361935,
        "recall": 0.09834032847437257,
        "fmeasure": 0.07134898032630874
    },
    "rougeL": {
        "precision": 0.20210919160397672,
        "recall": 0.28705396138167427,
        "fmeasure": 0.21896080801749657
    }
}