{
    "rouge1": {
        "precision": 0.25561734272215053,
        "recall": 0.3280171866876754,
        "fmeasure": 0.2689533262374008
    },
    "rouge2": {
        "precision": 0.06898473433994597,
        "recall": 0.08725457737514235,
        "fmeasure": 0.07148955982925077
    },
    "rougeL": {
        "precision": 0.20019445968597602,
        "recall": 0.26212171563227676,
        "fmeasure": 0.2130900836869369
    }
}