{
  "precision": 0.8875501751899719,
  "recall": 0.9020427465438843,
  "f1": 0.8945592045783997
}
