{
  "precision": 0.837026972396701,
  "recall": 0.8849392918979421,
  "f1": 0.860202943577486
}
