{
  "precision": 0.7958198189735413,
  "recall": 0.853619396686554,
  "f1": 0.8236457109451294
}
