{
  "precision": 0.8349745273590088,
  "recall": 0.8396095037460327,
  "f1": 0.8372171521186829
}
