{
    "rouge1": {
        "precision": 0.11438142901327072,
        "recall": 0.2866737326417385,
        "fmeasure": 0.1537206417744271
    },
    "rouge2": {
        "precision": 0.016040734640021433,
        "recall": 0.044248996675673266,
        "fmeasure": 0.02196878196974547
    },
    "rougeL": {
        "precision": 0.08660402720835249,
        "recall": 0.22685439816752093,
        "fmeasure": 0.11784900471803941
    }
}