{
    "rouge1": {
        "precision": 0.11834933434183913,
        "recall": 0.26726643055373134,
        "fmeasure": 0.1507709548263795
    },
    "rouge2": {
        "precision": 0.012941364171671963,
        "recall": 0.0317023830298095,
        "fmeasure": 0.016982262700339517
    },
    "rougeL": {
        "precision": 0.08673926070423015,
        "recall": 0.20904674823238184,
        "fmeasure": 0.11274849409127288
    }
}