{
    "rouge1": {
        "precision": 0.07322604809061567,
        "recall": 0.47410239228471424,
        "fmeasure": 0.12229444506716387
    },
    "rouge2": {
        "precision": 0.011049765666162554,
        "recall": 0.07535173573522277,
        "fmeasure": 0.018542874302861136
    },
    "rougeL": {
        "precision": 0.05166952601993323,
        "recall": 0.34816896175249357,
        "fmeasure": 0.0868763479552604
    }
}