{
  "precision": 0.8066915706092236,
  "recall": 0.880889398210189,
  "f1": 0.8420609305886662
}
