{
    "rouge1": {
        "precision": 0.07653746966833079,
        "recall": 0.4451273385064613,
        "fmeasure": 0.12410431209696852
    },
    "rouge2": {
        "precision": 0.009345312784095892,
        "recall": 0.06085655272106359,
        "fmeasure": 0.015398702196914332
    },
    "rougeL": {
        "precision": 0.05406521621555137,
        "recall": 0.33131663759051044,
        "fmeasure": 0.08846410379351208
    }
}