{
  "precision": 0.8131482005119324,
  "recall": 0.846446692943573,
  "f1": 0.8293909430503845
}
